<?xml version="1.0" encoding="UTF-8"?>
<beans xmlns="http://www.springframework.org/schema/beans"
       xmlns:xsi="http://www.w3.org/2001/XMLSchema-instance" xmlns:p="http://www.springframework.org/schema/p"
       xmlns:context="http://www.springframework.org/schema/context"
       xmlns:tx="http://www.springframework.org/schema/tx"
       xsi:schemaLocation="http://www.springframework.org/schema/beans http://www.springframework.org/schema/beans/spring-beans-3.0.xsd
        http://www.springframework.org/schema/aop http://www.springframework.org/schema/aop/spring-aop-3.0.xsd
        http://www.springframework.org/schema/context http://www.springframework.org/schema/context/spring-context-3.0.xsd
        http://www.springframework.org/schema/jee http://www.springframework.org/schema/jee/spring-jee-3.0.xsd
        http://www.springframework.org/schema/tx http://www.springframework.org/schema/tx/spring-tx-3.0.xsd">

    <context:annotation-config/>
    
    <tx:annotation-driven transaction-manager="transactionManager"/>
    
    <context:component-scan base-package="gu"/>
    
    <!-- 
    p:driverClassName="com.mysql.jdbc.Driver" p:url="jdbc:mysql://localhost/board"   
	p:driverClassName="net.sf.log4jdbc.sql.jdbcapi.DriverSpy" p:url="jdbc:log4jdbc:mysql://localhost/board"
	-->
    <bean id="dataSource" class="org.apache.commons.dbcp.BasicDataSource" destroy-method="close">
         <property name="driverClassName" value="core.log.jdbc.driver.OracleDriver"/>
         <property name="url" value="jdbc:oracle:thin:@localhost:1521:xe"/>        
        <property name="username" value="mulboard" />
        <property name="password" value="1234" />
 
        <property name="maxActive" value="100" />
        <property name="maxIdle" value="20" />
        <property name="maxWait" value="-1" />
        <property name="minIdle" value="2" />
    </bean>

	<!-- SqlSession setup for MyBatis Database Layer -->
	<bean id="sqlSession" class="org.mybatis.spring.SqlSessionFactoryBean">
		<property name="dataSource" ref="dataSource" />
		<property name="mapperLocations" value="classpath:/sql/*.xml" />
	</bean>

	<bean id="sqlSessionTemplate" class="org.mybatis.spring.SqlSessionTemplate">
		<constructor-arg index="0" ref="sqlSession"></constructor-arg>
    </bean>  
    
    <bean id="txManager" class="org.springframework.jdbc.datasource.DataSourceTransactionManager">
        <property name="dataSource" ref="dataSource" />
    </bean>

	<tx:advice id="txAdvice" transaction-manager="txManager">
		<tx:attributes>
			<tx:method name="*" rollback-for="Exception"/>
		</tx:attributes>
	</tx:advice>
	    
</beans>
